Experimenter,Subject,Distractor type,RT (M),RT (SD),N correct,RT incorrect (M),RT incorrect (SD),N incorrect,Error rate,Delays (negative = incorrect),,,,,,,,,,,,,,,,,,,,,,,,,,,,,,,,,,,,,,,,,,,
Jon,AB1_,0,0.2569230769,0.0355830556,26,,,0,0,0.295,0.24,0.25,0.23,0.275,0.265,0.285,0.245,0.195,0.25,0.27,0.245,0.245,0.26,0.33,0.22,0.225,0.225,0.275,0.245,0.255,0.335,0.245,0.33,0.21,0.235,,,,,,,,,,,,,,,,,,
Jon,AB1_,1,0.3108695652,0.0419862579,23,0.2883333333,0.0531664054,6,0.2608695652,0.32,0.28,0.33,-0.28,0.315,0.315,0.315,0.3,0.265,0.35,0.3,0.265,0.315,0.21,-0.21,0.34,-0.305,-0.33,0.3,0.41,0.385,0.34,0.335,0.305,0.315,0.275,-0.25,0.265,-0.355,,,,,,,,,,,,,,,
Jon,AB1_,2,0.3282,0.040152833,25,,,0,0,0.29,0.355,0.34,0.365,0.365,0.285,0.295,0.325,0.39,0.305,0.345,0.34,0.425,0.29,0.375,0.285,0.32,0.275,0.33,0.3,0.27,0.33,0.285,0.355,0.365,,,,,,,,,,,,,,,,,,,
Rachel,AL_,0,0.2595238095,0.0213251472,21,,,0,0,0.25,0.255,0.27,0.225,0.24,0.295,0.27,0.25,0.27,0.255,0.255,0.245,0.255,0.26,0.24,0.235,0.3,0.25,0.27,0.31,0.25,,,,,,,,,,,,,,,,,,,,,,,
Rachel,AL_,1,0.2783333333,0.0274295635,15,0.23,0.0141421356,2,0.1333333333,0.295,-0.24,0.275,0.28,0.22,0.22,0.275,0.305,0.27,0.26,0.29,0.305,0.3,-0.22,0.28,0.295,0.305,,,,,,,,,,,,,,,,,,,,,,,,,,,
Rachel,AL_,2,0.2854545455,0.0709032632,11,0.235,,1,0.0909090909,0.225,0.25,-0.235,0.235,0.255,0.25,0.245,0.265,0.475,0.315,0.325,0.3,,,,,,,,,,,,,,,,,,,,,,,,,,,,,,,,
Aizat,AM,0,0.2883823529,0.0423678085,34,,,0,0,0.3,0.245,0.3,0.29,0.255,0.265,0.25,0.255,0.25,0.295,0.23,0.3,0.27,0.275,0.3,0.23,0.305,0.26,0.22,0.39,0.29,0.265,0.275,0.27,0.32,0.345,0.345,0.3,0.37,0.27,0.39,0.27,0.285,0.325,,,,,,,,,,
Aizat,AM,1,0.3295454545,0.0393970898,33,0.2275,0.0035355339,2,0.0606060606,0.315,-0.225,0.33,0.36,0.345,0.355,0.335,0.355,0.35,0.275,0.295,0.425,0.39,0.34,0.315,0.285,0.37,0.39,0.3,0.32,0.315,0.285,0.365,0.285,0.345,0.24,0.31,0.285,0.31,0.35,0.305,0.355,0.3,-0.23,0.375,,,,,,,,,
Aizat,AM,2,0.32453125,0.0687721738,32,,,0,0,0.405,0.265,0.34,0.28,0.345,0.575,0.3,0.33,0.375,0.25,0.33,0.345,0.295,0.325,0.27,0.315,0.395,0.25,0.38,0.24,0.235,0.29,0.375,0.31,0.245,0.29,0.38,0.39,0.23,0.325,0.355,0.35,,,,,,,,,,,,
Olivia,AS,0,0.2752083333,0.0297992985,24,,,0,0,0.245,0.285,0.255,0.285,0.24,0.31,0.27,0.295,0.305,0.27,0.26,0.275,0.28,0.255,0.24,0.245,0.275,0.285,0.28,0.265,0.365,0.25,0.325,0.245,,,,,,,,,,,,,,,,,,,,
Olivia,AS,1,0.3210714286,0.0493918036,28,0.2733333333,0.0251661148,3,0.1071428571,0.32,-0.25,0.24,0.315,0.295,0.35,0.26,0.33,0.315,0.4,-0.27,0.27,0.325,0.37,0.37,-0.3,0.28,0.44,0.32,0.29,0.36,0.27,0.335,0.275,0.315,0.29,0.27,0.345,0.32,0.43,0.29,,,,,,,,,,,,,
Olivia,AS,2,0.3624074074,0.1138011962,27,,,0,0,0.225,0.295,0.295,0.335,0.425,0.405,0.255,0.34,0.34,0.365,0.32,0.355,0.255,0.485,0.675,0.325,0.235,0.41,0.36,0.31,0.51,0.42,0.24,0.26,0.365,0.66,0.32,,,,,,,,,,,,,,,,,
Rachel,AW1_,0,0.2426470588,0.0309749482,34,,,0,0,0.29,0.35,0.26,0.265,0.285,0.255,0.24,0.255,0.245,0.21,0.27,0.24,0.23,0.235,0.2,0.24,0.215,0.29,0.24,0.22,0.2,0.265,0.22,0.235,0.255,0.23,0.205,0.245,0.205,0.235,0.22,0.225,0.22,0.255,,,,,,,,,,
Rachel,AW1_,1,0.27575,0.0343080089,20,0.2571428571,0.0292770022,7,0.35,-0.26,0.335,-0.225,0.25,0.235,0.285,0.27,-0.235,0.235,0.26,0.265,0.235,0.305,0.24,0.3,-0.26,-0.31,0.28,0.26,0.32,0.3,-0.235,0.32,0.295,0.31,0.215,-0.275,,,,,,,,,,,,,,,,,
Rachel,AW1_,2,0.3102272727,0.0578066826,22,,,0,0,0.31,0.265,0.28,0.255,0.31,0.34,0.285,0.225,0.395,0.275,0.275,0.315,0.32,0.305,0.31,0.3,0.31,0.355,0.3,0.33,0.255,0.51,,,,,,,,,,,,,,,,,,,,,,
Katie,AW2_,0,0.28,0.0334664011,21,,,0,0,0.235,0.31,0.265,0.265,0.255,0.345,0.23,0.285,0.275,0.265,0.325,0.33,0.26,0.295,0.295,0.28,0.28,0.27,0.33,0.225,0.26,,,,,,,,,,,,,,,,,,,,,,,
Katie,AW2_,1,0.3254347826,0.0590630065,23,0.2414285714,0.0262542514,7,0.3043478261,0.225,0.28,0.265,0.285,0.44,-0.245,-0.24,-0.22,0.275,0.36,0.24,0.305,0.305,0.32,-0.21,0.31,0.325,0.33,-0.255,0.445,0.355,0.35,-0.29,0.285,0.275,0.425,0.365,0.35,-0.23,0.37,,,,,,,,,,,,,,
Katie,AW2_,2,0.3292105263,0.0563782651,19,,,0,0,0.305,0.36,0.26,0.42,0.305,0.325,0.345,0.375,0.305,0.285,0.275,0.33,0.235,0.285,0.48,0.34,0.345,0.335,0.345,,,,,,,,,,,,,,,,,,,,,,,,,
Jon,AW3_,0,0.3310810811,0.0605086671,37,,,0,0,0.365,0.32,0.32,0.325,0.275,0.405,0.335,0.295,0.275,0.365,0.34,0.32,0.335,0.365,0.335,0.335,0.335,0.345,0.285,0.325,0.295,0.29,0.285,0.31,0.355,0.335,0.3,0.31,0.345,0.295,0.255,0.315,0.315,0.31,0.33,0.64,0.365,,,,,,,
Jon,AW3_,1,0.3755555556,0.0489177751,27,,,0,0,0.425,0.365,0.37,0.385,0.33,0.37,0.36,0.405,0.435,0.325,0.48,0.4,0.35,0.3,0.34,0.34,0.31,0.34,0.35,0.335,0.375,0.425,0.34,0.43,0.44,0.34,0.475,,,,,,,,,,,,,,,,,
Jon,AW3_,2,0.3581818182,0.0471834548,33,,,0,0,0.33,0.405,0.35,0.51,0.395,0.385,0.335,0.305,0.425,0.375,0.33,0.32,0.415,0.38,0.36,0.42,0.285,0.35,0.315,0.355,0.3,0.365,0.34,0.355,0.39,0.355,0.295,0.41,0.355,0.31,0.325,0.37,0.305,,,,,,,,,,,
Olivia,BG,0,0.3168181818,0.123111184,11,,,0,0,0.24,0.21,0.485,0.455,0.235,0.23,0.435,0.225,0.25,0.505,0.215,,,,,,,,,,,,,,,,,,,,,,,,,,,,,,,,,
Olivia,BG,1,0.3046,0.1002592473,25,0.2625,0.0035355339,2,0.08,0.265,-0.26,0.415,0.31,0.28,0.2,0.275,0.225,0.225,0.305,0.29,0.3,0.285,0.265,0.265,0.26,0.74,0.32,0.32,-0.265,0.29,0.32,0.265,0.25,0.29,0.315,0.34,,,,,,,,,,,,,,,,,
Olivia,BG,2,0.3255882353,0.0835703737,17,,,0,0,0.245,0.28,0.275,0.235,0.3,0.275,0.515,0.305,0.455,0.29,0.295,0.295,0.27,0.36,0.495,0.32,0.325,,,,,,,,,,,,,,,,,,,,,,,,,,,
Olivia,CD1,0,0.3453571429,0.06578228,42,,,0,0,0.24,0.375,0.28,0.29,0.32,0.275,0.3,0.295,0.42,0.41,0.355,0.33,0.415,0.57,0.32,0.34,0.335,0.31,0.315,0.4,0.325,0.35,0.295,0.385,0.355,0.33,0.315,0.405,0.46,0.395,0.275,0.4,0.355,0.305,0.445,0.3,0.29,0.465,0.285,0.305,0.29,0.28,,
Olivia,CD1,1,0.3238461538,0.0453278654,26,0.2533333333,0.036855574,3,0.1153846154,0.29,0.295,0.335,0.305,-0.225,0.24,-0.24,0.31,0.36,0.31,0.355,0.38,0.385,0.275,0.295,0.305,0.335,0.36,-0.295,0.335,0.29,0.235,0.385,0.27,0.33,0.335,0.31,0.385,0.41,,,,,,,,,,,,,,,
Olivia,CD1,2,0.352,0.0423165412,30,,,0,0,0.385,0.305,0.435,0.32,0.42,0.37,0.395,0.36,0.37,0.38,0.355,0.31,0.3,0.31,0.3,0.4,0.325,0.4,0.35,0.335,0.305,0.41,0.255,0.375,0.325,0.365,0.37,0.36,0.355,0.315,,,,,,,,,,,,,,
Rachel,CD2,0,0.27,0.039603296,20,,,0,0,0.305,0.225,0.235,0.26,0.27,0.22,0.195,0.29,0.265,0.285,0.275,0.26,0.29,0.29,0.265,0.25,0.245,0.385,0.295,0.295,,,,,,,,,,,,,,,,,,,,,,,,
Rachel,CD2,1,0.3203125,0.0515256813,16,0.22875,0.0309232922,4,0.25,0.4,0.395,0.28,0.35,-0.19,0.375,0.365,-0.265,0.305,0.31,-0.225,0.24,0.285,0.275,-0.235,0.375,0.28,0.245,0.325,0.32,,,,,,,,,,,,,,,,,,,,,,,,
Rachel,CD2,2,0.3964285714,0.0530757286,14,,,0,0,0.38,0.33,0.42,0.375,0.39,0.375,0.48,0.425,0.44,0.32,0.425,0.44,0.3,0.45,,,,,,,,,,,,,,,,,,,,,,,,,,,,,,
Aizat,CH,0,0.2609090909,0.0412964614,33,,,0,0,0.265,0.25,0.205,0.225,0.255,0.25,0.27,0.235,0.235,0.25,0.22,0.23,0.245,0.265,0.34,0.255,0.215,0.235,0.26,0.26,0.27,0.345,0.21,0.24,0.305,0.245,0.305,0.275,0.245,0.26,0.235,0.395,0.315,,,,,,,,,,,
Aizat,CH,1,0.28325,0.0477183348,20,0.23625,0.0377215677,4,0.2,-0.21,0.305,0.24,0.275,0.33,0.315,-0.29,0.245,0.275,0.25,0.265,-0.21,0.295,0.25,0.25,0.26,-0.235,0.265,0.455,0.27,0.285,0.29,0.3,0.245,,,,,,,,,,,,,,,,,,,,
Aizat,CH,2,0.2967857143,0.0667529204,28,,,0,0,0.28,0.38,0.245,0.545,0.23,0.36,0.315,0.235,0.245,0.235,0.33,0.27,0.265,0.38,0.28,0.32,0.27,0.305,0.345,0.275,0.255,0.33,0.22,0.26,0.24,0.335,0.29,0.27,,,,,,,,,,,,,,,,
Rachel,CM,0,0.3075,0.0440170422,30,,,0,0,0.29,0.37,0.355,0.245,0.29,0.32,0.37,0.26,0.345,0.315,0.295,0.41,0.4,0.29,0.27,0.32,0.32,0.295,0.26,0.315,0.3,0.245,0.29,0.275,0.335,0.33,0.31,0.305,0.23,0.27,,,,,,,,,,,,,,
Rachel,CM,1,0.366,0.0335516659,15,0.29375,0.0317214439,4,0.2666666667,-0.255,0.315,0.325,0.44,0.345,-0.285,0.365,0.345,0.36,0.36,0.395,0.39,0.32,0.375,0.38,0.375,0.4,-0.305,-0.33,,,,,,,,,,,,,,,,,,,,,,,,,
Rachel,CM,2,0.385,0.0890692614,19,,,0,0,0.295,0.255,0.31,0.31,0.3,0.35,0.39,0.415,0.405,0.34,0.65,0.42,0.44,0.48,0.46,0.32,0.365,0.395,0.415,,,,,,,,,,,,,,,,,,,,,,,,,
Katie,CP,0,0.366875,0.0878587367,24,,,0,0,0.26,0.3,0.335,0.465,0.295,0.37,0.32,0.37,0.535,0.375,0.335,0.355,0.435,0.375,0.285,0.325,0.3,0.3,0.425,0.325,0.305,0.545,0.29,0.58,,,,,,,,,,,,,,,,,,,,
Katie,CP,1,0.3653333333,0.0528970249,15,0.3816666667,0.1795457231,6,0.4,0.32,0.365,-0.305,0.375,-0.315,-0.28,-0.35,0.37,0.325,0.295,0.405,0.36,0.375,-0.295,0.495,0.38,0.32,0.285,0.4,0.41,0,-0.745,,,,,,,,,,,,,,,,,,,,,,
Katie,CP,2,0.4302777778,0.1291086207,18,,,0,0,0.29,0.395,0.47,0.575,0.25,0.745,0.455,0.43,0.445,0.565,0.34,0.45,0.22,0.555,0.29,0.45,0.42,0.4,0,0,,,,,,,,,,,,,,,,,,,,,,,,
Aizat,EB1,0,0.2825925926,0.0418644877,27,,,0,0,0.355,0.265,0.355,0.22,0.275,0.265,0.25,0.345,0.31,0.255,0.275,0.225,0.27,0.22,0.265,0.375,0.26,0.26,0.275,0.275,0.335,0.31,0.315,0.245,0.27,0.265,0.295,,,,,,,,,,,,,,,,,
Aizat,EB1,1,0.316875,0.0622200251,24,0.22,,1,0.0416666667,0.335,0.275,-0.22,0.27,0.31,0.295,0.295,0.36,0.46,0.245,0.385,0.505,0.375,0.29,0.295,0.345,0.265,0.295,0.285,0.27,0.285,0.29,0.31,0.295,0.27,,,,,,,,,,,,,,,,,,,
Aizat,EB1,2,0.3445238095,0.0765327505,21,,,0,0,0.335,0.385,0.34,0.35,0.255,0.425,0.3,0.19,0.285,0.32,0.43,0.46,0.29,0.335,0.295,0.365,0.325,0.28,0.305,0.49,0.475,,,,,,,,,,,,,,,,,,,,,,,
Rachel,EB2,0,0.3067857143,0.059693884,28,,,0,0,0.315,0.44,0.3,0.48,0.26,0.28,0.375,0.245,0.25,0.32,0.225,0.275,0.275,0.3,0.29,0.31,0.27,0.275,0.295,0.33,0.285,0.24,0.3,0.375,0.26,0.405,0.31,0.305,,,,,,,,,,,,,,,,
Rachel,EB2,1,0.3459615385,0.0455416124,26,0.2725,0.0318198052,2,0.0769230769,0.34,0.26,0.335,0.32,0.31,0.32,0.38,0.39,-0.295,0.4,0.345,0.32,0.31,0.325,0.315,0.315,0.44,0.315,0.32,0.35,0.365,0.37,0.305,0.305,0.405,0.38,-0.25,0.455,,,,,,,,,,,,,,,,
Rachel,EB2,2,0.341969697,0.0633682121,33,0.22,,1,0.0303030303,0.32,0.315,0.355,0.32,-0.22,0.38,0.345,0.345,0.36,0.315,0.275,0.32,0.385,0.435,0.495,0.36,0.3,0.305,0.305,0.335,0.26,0.28,0.335,0.56,0.395,0.37,0.315,0.28,0.315,0.255,0.28,0.33,0.38,0.36,,,,,,,,,,
Olivia,EC1,0,0.2757575758,0.0345534281,33,,,0,0,0.26,0.225,0.23,0.31,0.255,0.235,0.275,0.305,0.27,0.26,0.25,0.26,0.335,0.26,0.23,0.26,0.325,0.27,0.295,0.285,0.265,0.33,0.305,0.265,0.25,0.33,0.225,0.27,0.345,0.255,0.3,0.245,0.32,,,,,,,,,,,
Olivia,EC1,1,0.3397727273,0.0394448763,22,0.2558333333,0.025182666,6,0.2727272727,0.355,0.34,-0.29,-0.245,-0.24,-0.245,0.315,0.4,0.32,0.36,0.375,-0.23,0.27,0.36,0.345,0.315,0.28,0.325,0.315,-0.285,0.36,0.37,0.325,0.42,0.395,0.28,0.305,0.345,,,,,,,,,,,,,,,,
Olivia,EC1,2,0.3436538462,0.0523365588,26,0.205,,1,0.0384615385,0.335,0.29,0.32,0.305,0.325,0.325,0.385,0.315,0.285,0.425,0.485,0.3,0.305,0.345,0.36,0.275,0.38,0.35,0.44,0.275,-0.205,0.39,0.365,0.29,0.345,0.345,0.375,,,,,,,,,,,,,,,,,
Jon,EC2,0,0.282962963,0.0517623872,27,,,0,0,0.3,0.175,0.315,0.275,0.285,0.25,0.24,0.27,0.385,0.25,0.27,0.33,0.245,0.295,0.25,0.255,0.295,0.31,0.29,0.31,0.46,0.285,0.27,0.275,0.255,0.25,0.25,,,,,,,,,,,,,,,,,
Jon,EC2,1,0.3253703704,0.0331060628,27,0.235,,1,0.037037037,0.31,0.315,-0.235,0.31,0.3,0.315,0.36,0.315,0.31,0.315,0.4,0.31,0.365,0.385,0.32,0.27,0.3,0.295,0.33,0.27,0.325,0.36,0.33,0.34,0.285,0.375,0.315,0.36,,,,,,,,,,,,,,,,
Jon,EC2,2,0.3964285714,0.0715566708,21,,,0,0,0.455,0.4,0.305,0.54,0.315,0.355,0.3,0.425,0.36,0.48,0.51,0.47,0.335,0.41,0.41,0.3,0.405,0.44,0.34,0.33,0.44,,,,,,,,,,,,,,,,,,,,,,,
Jon,EF,0,0.2997058824,0.0435705832,34,,,0,0,0.31,0.32,0.29,0.205,0.36,0.265,0.31,0.295,0.285,0.3,0.31,0.305,0.34,0.335,0.265,0.285,0.37,0.275,0.29,0.235,0.27,0.305,0.27,0.24,0.355,0.295,0.25,0.325,0.395,0.215,0.31,0.36,0.305,0.345,,,,,,,,,,
Jon,EF,1,0.3176666667,0.037891254,30,0.2533333333,0.0152752523,3,0.1,0.37,0.325,0.35,0.36,0.32,0.29,0.275,0.35,0.3,0.415,0.315,0.28,0.34,0.32,0.335,0.275,0.305,0.23,0.305,0.27,-0.24,0.345,0.29,0.34,0.32,0.325,0.3,0.38,-0.25,0.28,-0.27,0.295,0.325,,,,,,,,,,,
Jon,EF,2,0.355862069,0.0722973642,29,,,0,0,0.4,0.3,0.29,0.35,0.305,0.39,0.29,0.41,0.415,0.365,0.32,0.325,0.395,0.33,0.295,0.26,0.355,0.39,0.35,0.39,0.34,0.34,0.6,0.32,0.31,0.315,0.325,0.305,0.54,,,,,,,,,,,,,,,
Jon,EJ,0,0.3567857143,0.0457289576,28,,,0,0,0.51,0.335,0.325,0.32,0.38,0.305,0.295,0.32,0.295,0.355,0.35,0.34,0.375,0.35,0.375,0.365,0.395,0.365,0.365,0.335,0.335,0.305,0.355,0.405,0.32,0.395,0.39,0.43,,,,,,,,,,,,,,,,
Jon,EJ,1,0.4423684211,0.0689679559,19,0.345,0.0141421356,2,0.1052631579,0.485,0.58,-0.355,0.385,0.38,-0.335,0.525,0.46,0.465,0.43,0.4,0.38,0.395,0.4,0.38,0.385,0.425,0.415,0.4,0.515,0.6,,,,,,,,,,,,,,,,,,,,,,,
Jon,EJ,2,0.40325,0.077870929,20,,,0,0,0.325,0.31,0.41,0.43,0.355,0.355,0.38,0.41,0.44,0.455,0.225,0.44,0.415,0.435,0.34,0.48,0.61,0.425,0.45,0.375,,,,,,,,,,,,,,,,,,,,,,,,
Katie,EK,0,0.2762,0.0583502356,25,,,0,0,0.28,0.185,0.27,0.405,0.245,0.43,0.215,0.255,0.22,0.265,0.225,0.275,0.305,0.3,0.285,0.26,0.265,0.285,0.27,0.255,0.22,0.24,0.395,0.255,0.3,,,,,,,,,,,,,,,,,,,
Katie,EK,1,0.295,0.0451940262,21,0.2583333333,0.0601387285,6,0.2857142857,-0.29,0.22,0.285,0.345,-0.245,0.23,0.29,0.325,0.315,0.27,0.36,-0.23,0.275,0.315,0.3,0.34,-0.215,0.23,0.3,-0.205,0.255,0.28,0.35,0.38,0.24,0.29,-0.365,,,,,,,,,,,,,,,,,
Katie,EK,2,0.3084782609,0.0488837857,23,,,0,0,0.29,0.315,0.28,0.455,0.32,0.285,0.35,0.32,0.325,0.23,0.295,0.305,0.295,0.29,0.285,0.35,0.235,0.35,0.335,0.375,0.245,0.27,0.295,,,,,,,,,,,,,,,,,,,,,
Jon,EM2,0,0.2761111111,0.0337027153,36,,,0,0,0.28,0.31,0.265,0.29,0.23,0.28,0.3,0.31,0.23,0.275,0.235,0.305,0.26,0.27,0.26,0.33,0.285,0.27,0.31,0.27,0.235,0.19,0.225,0.305,0.27,0.29,0.28,0.25,0.245,0.29,0.235,0.31,0.275,0.31,0.33,0.335,,,,,,,,
Jon,EM2,1,0.3196666667,0.0383705467,30,0.25,0.0273861279,4,0.1333333333,-0.29,0.325,0.3,0.285,0.325,0.305,0.34,0.335,0.33,0.245,0.315,0.335,0.34,-0.23,0.29,0.355,0.305,-0.235,0.335,0.31,-0.245,0.295,0.45,0.305,0.34,0.29,0.305,0.32,0.305,0.26,0.3,0.37,0.29,0.385,,,,,,,,,,
Jon,EM2,2,0.3133333333,0.0420058657,24,,,0,0,0.29,0.32,0.39,0.31,0.275,0.305,0.29,0.355,0.24,0.235,0.32,0.38,0.275,0.305,0.295,0.355,0.31,0.3,0.33,0.29,0.285,0.36,0.395,0.31,,,,,,,,,,,,,,,,,,,,
Aizat,EW1_,0,0.2966666667,0.0408439612,33,,,0,0,0.285,0.265,0.31,0.285,0.28,0.29,0.36,0.28,0.295,0.28,0.25,0.265,0.26,0.325,0.275,0.265,0.35,0.295,0.3,0.23,0.32,0.3,0.295,0.34,0.445,0.32,0.29,0.35,0.315,0.255,0.28,0.245,0.29,,,,,,,,,,,
Aizat,EW1_,1,0.341,0.0511329965,25,0.3016666667,0.0098319208,6,0.24,0.41,0.275,-0.31,-0.295,0.305,-0.305,0.295,0.37,0.28,-0.29,0.31,0.325,0.345,0.315,0.33,0.3,0.3,0.325,-0.315,0.375,0.35,0.37,0.385,0.31,0.345,0.48,0.345,-0.295,0.28,0.45,0.35,,,,,,,,,,,,,
Aizat,EW1_,2,0.3153333333,0.0339099551,30,,,0,0,0.265,0.335,0.325,0.3,0.355,0.29,0.33,0.31,0.31,0.31,0.27,0.3,0.335,0.3,0.315,0.305,0.3,0.26,0.265,0.34,0.265,0.31,0.33,0.33,0.345,0.36,0.36,0.325,0.3,0.415,,,,,,,,,,,,,,
Jon,EW2_,0,0.2992647059,0.0442467659,34,,,0,0,0.255,0.28,0.275,0.25,0.29,0.245,0.24,0.265,0.255,0.32,0.26,0.295,0.355,0.3,0.34,0.285,0.275,0.355,0.365,0.37,0.34,0.345,0.3,0.325,0.34,0.35,0.29,0.265,0.405,0.25,0.24,0.255,0.315,0.28,,,,,,,,,,
Jon,EW2_,1,0.3318181818,0.0489787479,22,0.25,0.0282842712,2,0.0909090909,0.28,0.26,0.32,0.315,0.3,0.29,0.3,0.35,0.315,0.27,-0.23,0.33,0.4,0.395,0.38,0.41,0.39,0.385,0.39,0.3,0.285,0.275,-0.27,0.36,,,,,,,,,,,,,,,,,,,,
Jon,EW2_,2,0.3332142857,0.067213985,14,,,0,0,0.32,0.26,0.44,0.305,0.35,0.29,0.315,0.295,0.325,0.29,0.385,0.225,0.455,0.41,,,,,,,,,,,,,,,,,,,,,,,,,,,,,,
Rachel,GB,0,0.2705172414,0.0228482895,29,0.2,,1,0.0344827586,0.265,0.305,0.27,0.27,-0.2,0.26,0.25,0.26,0.265,0.25,0.25,0.28,0.26,0.235,0.27,0.27,0.285,0.295,0.325,0.3,0.235,0.29,0.265,0.23,0.255,0.285,0.25,0.275,0.29,0.305,,,,,,,,,,,,,,
Rachel,GB,1,0.3366666667,0.0511184432,15,0.2664285714,0.0286813362,7,0.4666666667,-0.28,0.29,0.285,0.315,0.41,0.325,0.3,-0.25,0.445,-0.245,0.275,0.385,0.35,0.28,0.34,0.39,0.32,0.34,-0.325,-0.245,-0.255,-0.265,,,,,,,,,,,,,,,,,,,,,,
Rachel,GB,2,0.3452272727,0.0648528971,22,,,0,0,0.33,0.295,0.3,0.38,0.27,0.27,0.295,0.34,0.46,0.395,0.365,0.34,0.29,0.27,0.33,0.315,0.36,0.355,0.395,0.31,0.395,0.535,,,,,,,,,,,,,,,,,,,,,,
Katie,GM,0,0.3029411765,0.0386146001,34,,,0,0,0.28,0.29,0.26,0.3,0.27,0.285,0.265,0.265,0.29,0.405,0.305,0.345,0.345,0.275,0.325,0.365,0.305,0.405,0.315,0.3,0.305,0.25,0.255,0.285,0.32,0.26,0.275,0.315,0.29,0.27,0.33,0.29,0.315,0.345,,,,,,,,,,
Katie,GM,1,0.3337837838,0.0447742083,37,0.28,0.0266926956,5,0.1351351351,0.37,0.385,0.3,0.34,0.33,0.35,-0.31,0.385,0.41,0.455,0.295,0.415,0.32,0.3,0.345,0.345,0.29,0.355,0.365,0.34,0.285,0.33,-0.29,0.305,0.3,-0.245,0.365,0.355,0.355,0.32,0.255,0.3,0.36,0.29,-0.295,0.29,0.325,0.26,-0.26,0.27,0.38,0.31,,
Katie,GM,2,0.3582352941,0.0629680337,34,,,0,0,0.27,0.37,0.385,0.33,0.465,0.33,0.28,0.345,0.36,0.375,0.36,0.295,0.455,0.335,0.375,0.295,0.335,0.29,0.395,0.38,0.395,0.285,0.335,0.295,0.41,0.38,0.37,0.295,0.51,0.395,0.31,0.26,0.42,0.495,,,,,,,,,,
Rachel,HY,0,0.3353703704,0.0423339727,27,,,0,0,0.265,0.32,0.31,0.305,0.295,0.29,0.36,0.405,0.305,0.28,0.35,0.36,0.255,0.315,0.355,0.3,0.335,0.395,0.355,0.335,0.37,0.38,0.31,0.395,0.385,0.395,0.33,,,,,,,,,,,,,,,,,
Rachel,HY,1,0.3913461538,0.0519145007,26,,,0,0,0.39,0.355,0.31,0.385,0.36,0.38,0.45,0.37,0.445,0.425,0.345,0.375,0.36,0.335,0.435,0.39,0.365,0.4,0.345,0.38,0.38,0.41,0.455,0.315,0.535,0.48,,,,,,,,,,,,,,,,,,
Rachel,HY,2,0.3788095238,0.0941263082,21,,,0,0,0.415,0.33,0.385,0.335,0.36,0.325,0.625,0.305,0.335,0.28,0.245,0.38,0.345,0.365,0.275,0.32,0.53,0.4,0.49,0.385,0.525,,,,,,,,,,,,,,,,,,,,,,,
Rachel,IB,0,0.2844230769,0.0267703912,26,,,0,0,0.235,0.245,0.25,0.275,0.29,0.265,0.32,0.24,0.265,0.305,0.29,0.295,0.295,0.285,0.3,0.27,0.305,0.32,0.32,0.305,0.295,0.26,0.315,0.32,0.25,0.28,,,,,,,,,,,,,,,,,,
Rachel,IB,1,0.3125,0.0345101185,30,0.28,0.0070710678,2,0.0666666667,0.32,0.355,0.345,0.29,0.31,0.38,0.36,0.32,-0.285,0.325,0.33,0.25,0.315,0.315,0.275,0.315,0.275,0.285,0.335,0.275,0.3,0.28,0.3,0.26,0.31,0.35,0.3,0.275,0.33,0.395,-0.275,0.3,,,,,,,,,,,,
Rachel,IB,2,0.3109375,0.0443126265,32,,,0,0,0.24,0.29,0.28,0.28,0.31,0.28,0.295,0.4,0.315,0.37,0.33,0.275,0.345,0.29,0.275,0.325,0.265,0.28,0.3,0.29,0.315,0.29,0.4,0.385,0.32,0.24,0.42,0.31,0.325,0.275,0.32,0.315,,,,,,,,,,,,
Rachel,IR,0,0.2897058824,0.039866086,34,,,0,0,0.34,0.29,0.33,0.265,0.38,0.225,0.295,0.325,0.29,0.295,0.29,0.265,0.345,0.235,0.27,0.315,0.22,0.29,0.27,0.21,0.32,0.3,0.31,0.3,0.295,0.31,0.27,0.265,0.315,0.31,0.225,0.335,0.32,0.23,,,,,,,,,,
Rachel,IR,1,0.3002173913,0.0453891823,23,0.2761111111,0.0361228613,9,0.3913043478,-0.3,0.34,0.365,0.28,-0.215,0.295,0.26,0.22,0.365,-0.245,-0.28,-0.31,0.36,0.285,0.36,0.27,0.245,0.235,0.305,-0.31,0.26,0.27,-0.27,0.295,0.29,-0.315,0.27,0.365,0.29,-0.24,0.33,0.35,,,,,,,,,,,,
Rachel,IR,2,0.3761538462,0.0589458683,26,,,0,0,0.385,0.37,0.36,0.475,0.355,0.315,0.43,0.365,0.255,0.375,0.365,0.365,0.3,0.4,0.465,0.445,0.415,0.32,0.365,0.305,0.445,0.28,0.415,0.475,0.38,0.355,,,,,,,,,,,,,,,,,,
Katie,JF,0,0.2680434783,0.0329855041,23,0.295,,1,0.0434782609,0.255,0.285,0.27,0.235,0.24,0.205,0.315,0.295,0.315,0.23,0.27,-0.295,0.33,0.265,0.31,0.255,0.255,0.24,0.295,0.22,0.29,0.285,0.255,0.25,,,,,,,,,,,,,,,,,,,,
Katie,JF,1,0.3039285714,0.0416412621,28,0.27125,0.0589314574,4,0.1428571429,0.375,0.365,-0.35,0.325,0.24,-0.215,0.26,0.27,0.36,0.28,0.33,0.255,0.28,0.395,0.28,0.25,0.285,0.355,0.28,0.275,0.265,0.275,0.325,-0.24,0.32,0.275,0.33,0.325,0.29,0.3,-0.28,0.345,,,,,,,,,,,,
Katie,JF,2,0.3182608696,0.0523669026,23,0.3,,1,0.0434782609,-0.3,0.465,0.3,0.26,0.255,0.3,0.37,0.26,0.295,0.275,0.365,0.31,0.29,0.285,0.35,0.345,0.405,0.27,0.385,0.325,0.325,0.3,0.28,0.305,,,,,,,,,,,,,,,,,,,,
Katie,JS,0,0.2536206897,0.0336976195,29,0.245,,1,0.0344827586,0.315,0.215,0.255,0.255,-0.245,0.3,0.275,0.24,0.205,0.295,0.265,0.2,0.265,0.29,0.245,0.245,0.21,0.235,0.26,0.3,0.25,0.255,0.24,0.26,0.24,0.21,0.205,0.33,0.245,0.25,,,,,,,,,,,,,,
Katie,JS,1,0.32975,0.0529268363,20,0.2866666667,0.0510718448,3,0.15,0.34,0.34,0.28,0.3,0.295,-0.345,0.31,0.285,0.295,0.355,0.345,0.35,0.455,-0.265,0.3,0.23,0.28,-0.25,0.35,0.335,0.33,0.385,0.435,,,,,,,,,,,,,,,,,,,,,
Katie,JS,2,0.3575,0.1001434157,28,,,0,0,0.29,0.485,0.315,0.415,0.35,0.27,0.355,0.255,0.245,0.4,0.31,0.33,0.34,0.305,0.37,0.315,0.285,0.275,0.21,0.605,0.335,0.43,0.28,0.35,0.52,0.295,0.505,0.57,,,,,,,,,,,,,,,,
Aizat,JT1,0,0.2552,0.0222429764,25,,,0,0,0.29,0.265,0.27,0.27,0.26,0.22,0.275,0.25,0.22,0.265,0.265,0.25,0.275,0.235,0.245,0.26,0.24,0.22,0.275,0.285,0.24,0.29,0.215,0.24,0.26,,,,,,,,,,,,,,,,,,,
Aizat,JT1,1,0.3014,0.0294222138,25,0.28,,1,0.04,-0.28,0.29,0.285,0.33,0.265,0.305,0.34,0.315,0.295,0.335,0.315,0.29,0.265,0.27,0.245,0.29,0.26,0.32,0.325,0.295,0.31,0.35,0.36,0.315,0.285,0.28,,,,,,,,,,,,,,,,,,
Aizat,JT1,2,0.3116666667,0.0590197707,21,,,0,0,0.255,0.295,0.455,0.34,0.34,0.32,0.295,0.265,0.295,0.34,0.415,0.42,0.29,0.255,0.28,0.31,0.235,0.295,0.265,0.245,0.335,,,,,,,,,,,,,,,,,,,,,,,
Katie,JT2,0,0.2834482759,0.0278421394,29,,,0,0,0.215,0.255,0.24,0.24,0.26,0.27,0.295,0.335,0.32,0.325,0.31,0.295,0.26,0.27,0.295,0.28,0.305,0.28,0.28,0.315,0.275,0.28,0.3,0.32,0.275,0.305,0.265,0.275,0.28,,,,,,,,,,,,,,,
Katie,JT2,1,0.3289130435,0.0525261087,23,0.2571428571,0.0295602693,7,0.3043478261,-0.205,0.34,0.275,0.255,0.41,-0.255,-0.275,0.33,0.315,0.26,0.35,0.4,0.355,0.335,-0.24,-0.265,0.42,0.26,0.36,0.255,0.385,0.325,0.27,0.275,-0.26,0.3,0.35,-0.3,0.35,0.39,,,,,,,,,,,,,,
Katie,JT2,2,0.32625,0.067704369,20,0.215,,1,0.05,0.3,0.46,-0.215,0.27,0.315,0.33,0.255,0.285,0.315,0.485,0.335,0.27,0.315,0.205,0.3,0.29,0.425,0.31,0.33,0.365,0.365,,,,,,,,,,,,,,,,,,,,,,,
Katie,KC,0,0.3017567568,0.0334625872,37,,,0,0,0.405,0.345,0.36,0.285,0.335,0.315,0.315,0.26,0.27,0.315,0.25,0.27,0.295,0.34,0.28,0.245,0.29,0.32,0.255,0.305,0.295,0.32,0.31,0.3,0.295,0.27,0.32,0.315,0.28,0.285,0.29,0.25,0.33,0.3,0.29,0.325,0.335,,,,,,,
Katie,KC,1,0.3295588235,0.0435258134,34,0.285,0.0444409721,3,0.0882352941,0.355,0.31,-0.27,0.33,0.325,0.335,0.33,0.3,0.355,0.37,0.31,0.335,0.31,0.365,0.24,0.295,0.32,0.35,0.325,0.32,0.34,0.375,0.33,0.345,0.285,-0.335,0.505,0.34,0.335,0.32,0.24,0.34,0.345,0.305,0.335,-0.25,0.285,,,,,,,
Katie,KC,2,0.3342857143,0.0397074385,35,,,0,0,0.26,0.38,0.36,0.35,0.33,0.29,0.295,0.37,0.435,0.32,0.35,0.31,0.285,0.365,0.355,0.25,0.3,0.28,0.325,0.375,0.355,0.39,0.335,0.29,0.33,0.375,0.36,0.33,0.305,0.345,0.3,0.335,0.35,0.38,0.335,,,,,,,,,
Aizat,KR,0,0.2688,0.0336427308,25,,,0,0,0.335,0.2,0.295,0.28,0.27,0.265,0.285,0.255,0.27,0.22,0.22,0.29,0.265,0.275,0.23,0.305,0.27,0.305,0.33,0.265,0.26,0.27,0.255,0.29,0.215,,,,,,,,,,,,,,,,,,,
Aizat,KR,1,0.2988095238,0.0290647881,21,0.279,0.0334290293,5,0.2380952381,-0.23,0.28,-0.315,0.31,0.345,0.305,0.265,0.32,0.29,-0.305,0.23,0.305,0.29,0.3,0.325,0.335,0.31,0.28,0.345,0.275,-0.275,0.31,0.25,-0.27,0.305,0.3,,,,,,,,,,,,,,,,,,
Aizat,KR,2,0.3086538462,0.0526983433,26,,,0,0,0.355,0.23,0.23,0.26,0.3,0.31,0.32,0.27,0.26,0.285,0.31,0.325,0.415,0.315,0.265,0.285,0.255,0.275,0.29,0.39,0.35,0.25,0.395,0.365,0.33,0.39,,,,,,,,,,,,,,,,,,
Aizat,LH1,0,0.2855769231,0.033446283,26,,,0,0,0.225,0.285,0.28,0.26,0.315,0.295,0.31,0.305,0.34,0.36,0.275,0.275,0.32,0.32,0.27,0.225,0.275,0.31,0.285,0.305,0.27,0.235,0.305,0.275,0.245,0.26,,,,,,,,,,,,,,,,,,
Aizat,LH1,1,0.324375,0.0308683213,24,0.32625,0.0748748957,4,0.1666666667,0.33,0.365,0.345,0.25,0.33,0.325,0.29,0.345,0.27,-0.235,0.365,-0.345,0.36,0.345,0.38,-0.31,0.325,0.295,-0.415,0.3,0.34,0.335,0.33,0.33,0.3,0.305,0.305,0.32,,,,,,,,,,,,,,,,
Aizat,LH1,2,0.3326,0.0728457274,25,,,0,0,0.39,0.305,0.25,0.37,0.295,0.315,0.415,0.305,0.255,0.25,0.255,0.305,0.34,0.35,0.32,0.23,0.52,0.305,0.435,0.245,0.41,0.33,0.455,0.34,0.325,,,,,,,,,,,,,,,,,,,
Olivia,LH2,0,0.2915384615,0.0432150259,26,,,0,0,0.315,0.41,0.24,0.285,0.38,0.29,0.315,0.295,0.355,0.28,0.285,0.235,0.255,0.3,0.25,0.235,0.32,0.285,0.27,0.315,0.245,0.3,0.32,0.285,0.255,0.26,,,,,,,,,,,,,,,,,,
Olivia,LH2,1,0.342173913,0.039995059,23,0.205,0.0070710678,2,0.0869565217,-0.2,0.305,0.33,0.38,0.385,-0.21,0.365,0.375,0.32,0.29,0.315,0.35,0.325,0.375,0.315,0.345,0.35,0.365,0.325,0.365,0.415,0.23,0.325,0.325,0.395,,,,,,,,,,,,,,,,,,,
Olivia,LH2,2,0.3422,0.0576823196,25,,,0,0,0.41,0.305,0.355,0.29,0.275,0.375,0.36,0.385,0.375,0.35,0.33,0.28,0.51,0.285,0.265,0.29,0.305,0.39,0.3,0.29,0.365,0.375,0.34,0.32,0.43,,,,,,,,,,,,,,,,,,,
Katie,LK_,0,0.2832758621,0.0405602696,29,,,0,0,0.285,0.425,0.355,0.335,0.275,0.29,0.245,0.235,0.3,0.285,0.27,0.325,0.265,0.315,0.27,0.23,0.26,0.245,0.265,0.265,0.27,0.265,0.285,0.28,0.265,0.285,0.26,0.24,0.325,,,,,,,,,,,,,,,
Katie,LK_,1,0.3515789474,0.0663126566,19,0.2783333333,0.055789784,9,0.4736842105,0.43,-0.26,0.35,0.525,-0.28,0.375,-0.305,-0.24,0.33,0.335,0.205,0.385,0.38,0.335,-0.215,0.335,-0.3,-0.395,0.37,0.38,0.295,-0.215,-0.295,0.365,0.38,0.335,0.325,0.245,,,,,,,,,,,,,,,,
Katie,LK_,2,0.3733333333,0.0845295102,15,,,0,0,0.335,0.285,0.325,0.46,0.335,0.36,0.36,0.36,0.36,0.335,0.35,0.32,0.595,0.515,0.305,,,,,,,,,,,,,,,,,,,,,,,,,,,,,
Olivia,LS,0,0.2535185185,0.0210683327,27,,,0,0,0.255,0.29,0.24,0.245,0.275,0.305,0.245,0.23,0.245,0.245,0.265,0.265,0.245,0.26,0.255,0.255,0.25,0.25,0.235,0.25,0.29,0.24,0.22,0.27,0.26,0.205,0.255,,,,,,,,,,,,,,,,,
Olivia,LS,1,0.286969697,0.0325225737,33,0.255,0.0353553391,2,0.0606060606,0.305,0.245,-0.28,0.325,0.27,0.285,0.315,0.315,0.275,0.26,0.235,0.275,0.265,0.235,0.265,0.35,0.27,0.25,0.295,0.295,0.315,-0.23,0.365,0.26,0.25,0.27,0.3,0.285,0.33,0.31,0.335,0.27,0.3,0.26,0.29,,,,,,,,,
Olivia,LS,2,0.2941666667,0.0577462244,30,0.47,,1,0.0333333333,0.305,0.34,0.25,0.25,0.265,-0.47,0.23,0.3,0.265,0.275,0.265,0.25,0.26,0.265,0.245,0.295,0.295,0.295,0.315,0.25,0.25,0.325,0.395,0.24,0.35,0.305,0.385,0.295,0.51,0.285,0.27,,,,,,,,,,,,,
Olivia,MC,0,0.2975,0.0468027777,26,,,0,0,0.375,0.27,0.28,0.28,0.325,0.27,0.37,0.295,0.305,0.3,0.25,0.26,0.245,0.26,0.255,0.305,0.23,0.32,0.28,0.3,0.28,0.31,0.31,0.455,0.305,0.3,,,,,,,,,,,,,,,,,,
Olivia,MC,1,0.3395454545,0.0532940873,22,0.2733333333,0.0337144875,6,0.2727272727,0.39,0.37,0.375,0.28,-0.23,0.265,-0.29,0.28,0.365,0.45,-0.235,0.29,0.3,-0.29,0.425,0.37,0.36,0.305,0.36,0.29,-0.28,0.28,0.27,0.38,-0.315,0.33,0.345,0.39,,,,,,,,,,,,,,,,
Olivia,MC,2,0.3598387097,0.0834314476,31,,,0,0,0.315,0.345,0.34,0.365,0.295,0.225,0.31,0.345,0.25,0.435,0.305,0.28,0.345,0.3,0.33,0.305,0.4,0.33,0.295,0.4,0.32,0.525,0.35,0.265,0.41,0.625,0.385,0.42,0.46,0.435,0.445,,,,,,,,,,,,,
Aizat,NA,0,0.35625,0.081056207,24,0.31,,1,0.0416666667,0.355,0.35,0.325,0.265,0.43,0.395,0.265,0.355,0.3,0.405,0.31,0.33,0.285,0.385,0.35,0.32,0.295,0.365,0.265,0.335,0.31,0.53,0.605,-0.31,0.42,,,,,,,,,,,,,,,,,,,
Aizat,NA,1,0.3797142857,0.0834102446,35,0.2566666667,0.0189296945,3,0.0857142857,0.345,0.305,0.33,0.355,-0.265,0.485,0.365,0.36,0.225,0.33,0.37,0.38,0.58,0.34,0.34,0.36,0.365,0.39,-0.27,0.305,0.48,0.35,-0.235,0.405,0.305,0.42,0.42,0.425,0.345,0.325,0.425,0.315,0.405,0.27,0.31,0.455,0.445,0.66,,,,,,
Aizat,NA,2,0.34625,0.0664489317,20,,,0,0,0.305,0.375,0.29,0.315,0.29,0.295,0.515,0.32,0.305,0.35,0.32,0.395,0.36,0.285,0.33,0.48,0.375,0.34,0.255,0.425,,,,,,,,,,,,,,,,,,,,,,,,
Aizat,NC,0,0.3244444444,0.0444481836,27,,,0,0,0.27,0.28,0.35,0.275,0.385,0.31,0.39,0.325,0.38,0.33,0.32,0.33,0.305,0.32,0.29,0.315,0.305,0.28,0.315,0.315,0.27,0.295,0.365,0.275,0.44,0.405,0.32,,,,,,,,,,,,,,,,,
Aizat,NC,1,0.342826087,0.0643114949,23,0.29125,0.0094648472,4,0.1739130435,0.37,0.265,-0.29,0.395,0.335,0.335,0.295,-0.305,0.325,0.37,0.335,0.255,0.375,0.3,0.295,0.4,0.39,0.555,0.325,-0.285,0.24,0.345,0.315,0.39,0.355,-0.285,0.32,,,,,,,,,,,,,,,,,
Aizat,NC,2,0.3675,0.0583208007,20,,,0,0,0.45,0.355,0.35,0.3,0.365,0.335,0.365,0.3,0.325,0.335,0.4,0.34,0.435,0.355,0.355,0.335,0.375,0.415,0.545,0.315,,,,,,,,,,,,,,,,,,,,,,,,
Rachel,PB,0,0.2835483871,0.0517879257,31,,,0,0,0.475,0.28,0.295,0.28,0.3,0.235,0.25,0.245,0.26,0.265,0.285,0.27,0.275,0.25,0.26,0.265,0.25,0.435,0.3,0.265,0.305,0.27,0.275,0.325,0.33,0.275,0.245,0.265,0.225,0.26,0.275,,,,,,,,,,,,,
Rachel,PB,1,0.3102083333,0.0322179793,24,0.277,0.0469840398,5,0.2083333333,-0.305,0.34,0.355,0.31,0.3,-0.315,0.325,0.3,0.265,0.305,0.32,0.29,-0.245,0.295,0.31,0.335,0.32,0.32,0.365,-0.31,0.35,-0.21,0.255,0.325,0.25,0.245,0.34,0.3,0.325,,,,,,,,,,,,,,,
Rachel,PB,2,0.3311666667,0.0544198768,30,0.26,,1,0.0333333333,0.29,0.285,0.35,0.32,0.37,0.415,0.33,0.455,0.32,0.24,0.28,0.3,0.32,0.3,0.305,0.29,0.345,0.335,0.29,0.275,0.375,0.31,0.34,-0.26,0.275,0.36,0.275,0.335,0.465,0.36,0.425,,,,,,,,,,,,,
Rachel,PO,0,0.2843333333,0.0378845364,15,,,0,0,0.3,0.305,0.28,0.24,0.235,0.275,0.27,0.325,0.27,0.245,0.355,0.33,0.23,0.32,0.285,,,,,,,,,,,,,,,,,,,,,,,,,,,,,
Rachel,PO,1,0.3292857143,0.0367603421,28,0.275,,1,0.0357142857,0.31,0.325,0.305,0.22,0.33,0.305,0.315,0.355,0.33,0.33,0.34,0.315,0.4,0.325,0.355,0.345,0.34,0.31,0.265,0.325,0.32,0.335,-0.275,0.355,0.315,0.31,0.345,0.385,0.41,,,,,,,,,,,,,,,
Rachel,PO,2,0.306969697,0.0364850011,33,0.285,0.0707106781,2,0.0606060606,0.275,0.255,0.335,0.375,0.3,0.27,0.28,-0.235,0.3,0.28,0.285,0.365,0.265,0.355,0.3,0.335,0.3,0.26,-0.335,0.325,0.35,0.31,0.305,0.33,0.275,0.33,0.3,0.33,0.235,0.36,0.255,0.325,0.365,0.31,0.29,,,,,,,,,
Katie,RC,0,0.3293939394,0.0820799684,33,,,0,0,0.345,0.3,0.34,0.295,0.315,0.355,0.325,0.32,0.325,0.26,0.34,0.33,0.245,0.31,0.33,0.34,0.335,0.31,0.255,0.3,0.37,0.325,0.25,0.33,0.37,0.315,0.245,0.235,0.26,0.495,0.355,0.35,0.695,,,,,,,,,,,
Katie,RC,1,0.3662068966,0.0478400455,29,0.306,0.0537819672,5,0.1724137931,0.355,-0.35,0.335,0.365,0.335,0.335,0.415,0.395,0.485,0.48,0.36,-0.335,-0.25,-0.245,0.355,0.395,0.38,0.37,0.325,0.295,0.355,0.315,0.35,0.355,0.35,0.465,0.375,0.305,0.395,0.32,0.33,0.335,0.39,-0.35,,,,,,,,,,
Katie,RC,2,0.37575,0.0765931665,20,,,0,0,0.41,0.275,0.29,0.415,0.265,0.34,0.31,0.375,0.33,0.345,0.545,0.505,0.31,0.395,0.33,0.43,0.375,0.36,0.42,0.49,,,,,,,,,,,,,,,,,,,,,,,,
Aizat,RD,0,0.31375,0.0586405123,32,,,0,0,0.54,0.395,0.26,0.3,0.31,0.415,0.315,0.3,0.38,0.335,0.3,0.295,0.31,0.34,0.285,0.31,0.34,0.345,0.26,0.285,0.295,0.31,0.255,0.285,0.29,0.26,0.375,0.25,0.255,0.27,0.275,0.3,,,,,,,,,,,,
Aizat,RD,1,0.3509090909,0.0487572838,33,,,0,0,0.455,0.39,0.38,0.375,0.375,0.43,0.415,0.39,0.42,0.32,0.31,0.43,0.36,0.31,0.36,0.265,0.305,0.335,0.325,0.355,0.345,0.325,0.38,0.26,0.31,0.355,0.285,0.395,0.32,0.36,0.29,0.325,0.325,,,,,,,,,,,
Aizat,RD,2,0.3423076923,0.0616154326,26,,,0,0,0.37,0.335,0.32,0.345,0.29,0.18,0.33,0.465,0.41,0.305,0.355,0.3,0.31,0.355,0.305,0.345,0.385,0.365,0.37,0.425,0.375,0.38,0.35,0.415,0.2,0.315,,,,,,,,,,,,,,,,,,
Katie,RF,0,0.3017857143,0.0437478414,14,,,0,0,0.35,0.27,0.335,0.395,0.225,0.27,0.305,0.32,0.31,0.29,0.265,0.28,0.27,0.34,,,,,,,,,,,,,,,,,,,,,,,,,,,,,,
Katie,RF,1,0.2868181818,0.0220536536,11,0.2,,1,0.0909090909,0.28,0.285,0.285,0.285,0.265,0.28,-0.2,0.275,0.26,0.285,0.335,0.32,,,,,,,,,,,,,,,,,,,,,,,,,,,,,,,,
Katie,RF,2,0.3684615385,0.0535173109,13,0.285,,1,0.0769230769,0.375,0.32,0.415,0.405,0.36,0.34,0.38,-0.285,0.34,0.35,0.39,0.25,0.39,0.475,,,,,,,,,,,,,,,,,,,,,,,,,,,,,,
Olivia,RG,0,0.273030303,0.0266616354,33,,,0,0,0.31,0.285,0.265,0.29,0.34,0.285,0.31,0.235,0.25,0.25,0.29,0.265,0.27,0.29,0.21,0.225,0.235,0.275,0.27,0.25,0.275,0.255,0.24,0.3,0.265,0.275,0.29,0.285,0.29,0.28,0.285,0.29,0.28,,,,,,,,,,,
Olivia,RG,1,0.3145833333,0.0330979005,24,0.31,,1,0.0416666667,0.315,0.32,0.33,0.3,0.325,0.305,0.36,0.28,0.265,0.355,0.315,0.31,0.32,0.3,0.305,0.31,0.34,0.235,0.27,0.33,-0.31,0.37,0.28,0.35,0.36,,,,,,,,,,,,,,,,,,,
Olivia,RG,2,0.318974359,0.0502909886,39,,,0,0,0.265,0.27,0.29,0.325,0.285,0.345,0.26,0.34,0.28,0.415,0.31,0.45,0.345,0.29,0.3,0.45,0.295,0.315,0.29,0.33,0.3,0.28,0.265,0.315,0.3,0.355,0.285,0.355,0.305,0.34,0.29,0.325,0.38,0.37,0.255,0.275,0.42,0.27,0.305,,,,,
Rachel,RQ,0,0.2804166667,0.0303638648,36,,,0,0,0.29,0.285,0.24,0.325,0.295,0.345,0.28,0.255,0.285,0.35,0.275,0.255,0.245,0.32,0.29,0.28,0.32,0.315,0.25,0.225,0.245,0.32,0.265,0.27,0.265,0.27,0.26,0.285,0.235,0.3,0.285,0.265,0.29,0.265,0.3,0.25,,,,,,,,
Rachel,RQ,1,0.303030303,0.0325705819,33,0.2475,0.0176776695,2,0.0606060606,0.285,0.315,0.26,0.325,0.24,0.3,0.28,0.275,0.35,0.29,0.285,0.31,0.335,-0.235,0.265,0.255,0.285,0.315,0.285,0.305,0.315,0.3,-0.26,0.34,0.33,0.285,0.33,0.305,0.3,0.4,0.33,0.255,0.3,0.345,0.305,,,,,,,,,
Rachel,RQ,2,0.337,0.0572742946,30,,,0,0,0.3,0.405,0.355,0.4,0.42,0.37,0.32,0.29,0.26,0.3,0.54,0.385,0.335,0.365,0.38,0.305,0.345,0.315,0.305,0.27,0.325,0.29,0.32,0.34,0.28,0.335,0.32,0.25,0.345,0.34,,,,,,,,,,,,,,
Aizat,SB1,0,0.2894642857,0.034138587,28,,,0,0,0.295,0.28,0.29,0.345,0.315,0.3,0.3,0.34,0.39,0.26,0.305,0.27,0.25,0.29,0.23,0.275,0.24,0.245,0.275,0.315,0.29,0.27,0.265,0.285,0.28,0.275,0.31,0.32,,,,,,,,,,,,,,,,
Aizat,SB1,1,0.3406521739,0.0423809656,23,0.3333333333,0.0720879093,6,0.2608695652,0.395,0.405,0.36,0.36,0.37,0.355,-0.365,0.33,0.26,0.385,-0.3,-0.24,0.31,0.36,0.355,-0.455,0.36,0.32,0.205,0.33,-0.32,0.33,0.345,0.35,0.325,0.32,0.35,-0.32,0.355,,,,,,,,,,,,,,,
Aizat,SB1,2,0.373,0.0696741183,30,,,0,0,0.42,0.375,0.41,0.33,0.325,0.335,0.37,0.3,0.39,0.36,0.32,0.36,0.335,0.5,0.36,0.32,0.325,0.335,0.35,0.37,0.385,0.545,0.45,0.4,0.34,0.29,0.32,0.26,0.465,0.545,,,,,,,,,,,,,,
Olivia,SB2,0,0.2729411765,0.0280657055,17,0.225,0.0282842712,2,0.1176470588,0.305,0.27,0.27,-0.245,0.27,0.26,0.23,0.25,0.29,0.275,0.255,0.29,0.285,0.25,0.23,0.26,0.325,-0.205,0.325,,,,,,,,,,,,,,,,,,,,,,,,,
Olivia,SB2,1,0.3228571429,0.0669303394,14,0.286,0.0263153947,5,0.3571428571,0.41,0.285,0.28,-0.29,0.34,-0.32,0.415,0.39,0.355,0.375,0.32,-0.265,-0.3,0.27,0.2,0.215,0.35,-0.255,0.315,,,,,,,,,,,,,,,,,,,,,,,,,
Olivia,SB2,2,0.3576470588,0.0586599748,17,,,0,0,0.36,0.275,0.355,0.38,0.375,0.37,0.26,0.35,0.385,0.335,0.36,0.53,0.355,0.415,0.335,0.315,0.325,,,,,,,,,,,,,,,,,,,,,,,,,,,
Jon,SF,0,0.3095454545,0.0455889787,22,,,0,0,0.37,0.33,0.26,0.305,0.265,0.25,0.305,0.24,0.29,0.315,0.35,0.315,0.305,0.33,0.38,0.28,0.285,0.285,0.345,0.32,0.26,0.425,,,,,,,,,,,,,,,,,,,,,,
Jon,SF,1,0.3439285714,0.0496982654,14,0.34,,1,0.0714285714,0.3,0.375,0.395,0.275,0.375,0.42,0.29,0.285,0.305,0.345,0.325,0.34,-0.34,0.425,0.36,,,,,,,,,,,,,,,,,,,,,,,,,,,,,
Jon,SF,2,0.334,0.0556198834,15,,,0,0,0.305,0.275,0.285,0.37,0.245,0.265,0.445,0.365,0.37,0.34,0.38,0.4,0.295,0.335,0.335,,,,,,,,,,,,,,,,,,,,,,,,,,,,,
Jon,SS,0,0.29075,0.0375315657,20,,,0,0,0.33,0.28,0.28,0.29,0.295,0.285,0.28,0.27,0.3,0.315,0.25,0.38,0.255,0.3,0.24,0.245,0.245,0.285,0.35,0.34,,,,,,,,,,,,,,,,,,,,,,,,
Jon,SS,1,0.3625,0.0348115226,20,0.26,0.0430116263,4,0.2,0.35,0.39,-0.27,0.335,0.36,0.4,0.41,-0.24,0.34,0.355,0.415,0.37,0.36,0.39,0.355,0.345,0.38,0.36,0.34,0.305,0.28,-0.215,-0.315,0.41,,,,,,,,,,,,,,,,,,,,
Jon,SS,2,0.4376923077,0.1218369023,13,,,0,0,0.42,0.485,0.39,0.39,0.355,0.29,0.375,0.36,0.42,0.64,0.31,0.665,0.59,,,,,,,,,,,,,,,,,,,,,,,,,,,,,,,
Jon,SY,0,0.2684090909,0.0264525184,44,,,0,0,0.265,0.305,0.26,0.25,0.29,0.265,0.3,0.27,0.305,0.25,0.3,0.26,0.26,0.315,0.27,0.25,0.295,0.26,0.29,0.23,0.29,0.26,0.25,0.295,0.27,0.33,0.32,0.235,0.24,0.28,0.28,0.265,0.25,0.22,0.27,0.27,0.26,0.22,0.285,0.25,0.26,0.235,0.255,0.23
Jon,SY,1,0.3381818182,0.0558711993,33,0.51,,1,0.0303030303,0.33,0.57,0.345,-0.51,0.3,0.345,0.385,0.34,0.38,0.35,0.335,0.285,0.4,0.32,0.345,0.315,0.235,0.325,0.3,0.315,0.385,0.26,0.32,0.33,0.355,0.33,0.355,0.35,0.35,0.255,0.34,0.31,0.385,0.315,,,,,,,,,,
Jon,SY,2,0.3333823529,0.0750829903,34,,,0,0,0.235,0.33,0.255,0.385,0.31,0.315,0.275,0.295,0.31,0.295,0.275,0.34,0.32,0.29,0.31,0.255,0.405,0.25,0.41,0.32,0.41,0.33,0.3,0.295,0.295,0.345,0.29,0.29,0.335,0.39,0.57,0.565,0.365,0.375,,,,,,,,,,
Katie,TC,0,0.3082692308,0.0545699974,26,,,0,0,0.43,0.28,0.245,0.405,0.36,0.285,0.24,0.25,0.34,0.22,0.315,0.33,0.35,0.29,0.315,0.275,0.31,0.285,0.425,0.265,0.31,0.3,0.245,0.295,0.345,0.305,,,,,,,,,,,,,,,,,,
Katie,TC,1,0.338,0.0681856709,15,0.2827272727,0.0526955234,11,0.7333333333,-0.28,-0.33,0.345,-0.325,0.32,0.355,0.255,-0.26,0.34,0.25,-0.265,-0.215,-0.22,0.325,-0.26,0.39,0.375,0.33,0.34,0.4,0.235,-0.255,-0.305,0.51,0.3,-0.395,,,,,,,,,,,,,,,,,,
Katie,TC,2,0.35,0.0523562458,18,0.725,,1,0.0555555556,0.295,-0.725,0.34,0.41,0.45,0.315,0.37,0.325,0.295,0.29,0.335,0.34,0.35,0.445,0.3,0.375,0.395,0.28,0.39,,,,,,,,,,,,,,,,,,,,,,,,,
Olivia,TM,0,0.3483333333,0.0800094691,12,0.2325,0.074246212,2,0.1666666667,0.25,0.35,0.345,0.305,0.405,0.44,-0.18,0.32,0.27,0.295,0.5,0.435,0.265,-0.285,,,,,,,,,,,,,,,,,,,,,,,,,,,,,,
Olivia,TM,1,0.3382608696,0.053758904,23,0.3016666667,0.0284312035,3,0.1304347826,0.335,-0.27,0.305,0.39,-0.325,0.43,0.335,0.33,0.395,0.38,0.345,0.375,0.32,0.29,0.34,0.335,0.265,0.265,0.285,0.335,0.265,0.3,0.325,-0.31,0.485,0.35,,,,,,,,,,,,,,,,,,
Olivia,TM,2,0.2879166667,0.0522102078,24,,,0,0,0.275,0.34,0.44,0.295,0.29,0.255,0.29,0.295,0.375,0.325,0.315,0.26,0.34,0.21,0.32,0.255,0.24,0.25,0.285,0.25,0.295,0.26,0.215,0.235,,,,,,,,,,,,,,,,,,,,
